series_id,category,store_id,state_id,forecast_units_28d,forecast_revenue_28d,forecast_freight_28d,avg_recent_units,demand_volatility,avg_price,recent_revenue_56d,customer_state,avg_delivery_risk_score,late_delivery_rate,demand_change_pct,volatility_index,revenue_at_risk,inventory_exposure_score,risk_level,recommended_action
perfumery::SP,perfumery,SP,SP,243.71,21326.4,2545.65,3.4107142857142856,2.81409947303855,107.03685766828733,18846.98,SP,5.38,0.0589,1.5519371727748692,0.8250762852887895,7867.7,100.0,High,Prioritize Demand Review And Reserve Capacity For This Category-State Lane.
cool_stuff::SP,cool_stuff,SP,SP,129.76,18520.5,2052.58,1.8392857142857142,1.4241652829804388,173.54196094009652,16055.190000000002,SP,5.38,0.0589,1.519611650485437,0.7743034548243163,6757.32,100.0,High,Prioritize Demand Review And Reserve Capacity For This Category-State Lane.
health_beauty::RJ,health_beauty,RJ,RJ,163.72,17998.85,2916.67,2.392857142857143,2.1965143579488218,176.96277922393446,19040.35,RJ,13.16,0.1347,1.4435820895522387,0.9179462988442838,6960.97,100.0,High,Prioritize Demand Review And Reserve Capacity For This Category-State Lane.
food::SP,food,SP,SP,172.08,9804.02,1925.34,1.8928571428571428,1.9322955865411051,61.37058045837383,6522.099999999999,SP,5.38,0.0589,2.246792452830189,1.020835404210395,3770.42,99.8,High,Prioritize Demand Review And Reserve Capacity For This Category-State Lane.
toys::SP,toys,SP,SP,185.46,17703.420000000002,2824.82,2.5892857142857144,1.8367638113544427,172.96230935659193,13836.84,SP,5.38,0.0589,1.5580689655172413,0.7093708512817157,6367.24,98.9,High,Prioritize Demand Review And Reserve Capacity For This Category-State Lane.
auto::SP,auto,SP,SP,291.41,32267.58,4478.04,5.053571428571429,3.2216294175302203,136.97233353530984,28988.88,SP,5.38,0.0589,1.0594346289752652,0.6374955737868987,9334.86,90.0,High,Prioritize Demand Review And Reserve Capacity For This Category-State Lane.
bed_bath_table::MG,bed_bath_table,MG,MG,111.71000000000001,10283.13,2639.67,2.0,2.1908902300206643,107.04117645292025,11453.7,MG,6.57,0.0561,0.9948214285714287,1.0954451150103321,3283.51,80.6,High,Prioritize Demand Review And Reserve Capacity For This Category-State Lane.
computers_accessories::SP,computers_accessories,SP,SP,332.46,28060.91,4441.55,6.25,4.108748980142031,99.39945808000854,31452.0,SP,5.38,0.0589,0.8997714285714284,0.657399836822725,7505.46,80.1,High,Prioritize Demand Review And Reserve Capacity For This Category-State Lane.
pet_shop::SP,pet_shop,SP,SP,174.13,16518.14,2776.29,3.0714285714285716,2.388283087051471,141.29724409389607,19841.58,SP,5.38,0.0589,1.0247674418604649,0.7775805399702462,4879.75,78.9,High,Prioritize Demand Review And Reserve Capacity For This Category-State Lane.
auto::RJ,auto,RJ,RJ,48.91,3647.52,555.6,0.9821428571428571,1.34151978169363,122.7481279154519,10209.720000000001,RJ,13.16,0.1347,0.7785454545454544,1.34151978169363,1178.49,74.6,High,Prioritize Demand Review And Reserve Capacity For This Category-State Lane.
auto::MG,auto,MG,MG,76.92,7614.01,1372.57,1.4642857142857142,1.4265570213156342,142.74805817020686,8731.39,MG,6.57,0.0561,0.8760975609756099,0.9742340633375064,2224.82,70.4,High,Prioritize Demand Review And Reserve Capacity For This Category-State Lane.
housewares::RJ,housewares,RJ,RJ,111.12,6305.45,1708.6399999999999,2.1607142857142856,2.0429638515405255,74.54095894071915,12961.439999999999,RJ,13.16,0.1347,0.8366942148760332,0.9455039312914829,1891.25,69.8,Medium,Watch For Demand Acceleration And Validate Replenishment Coverage.
furniture_decor::SP,furniture_decor,SP,SP,300.76,24222.33,4922.46,6.357142857142857,4.668768852428078,86.68931429079603,30257.34,SP,5.38,0.0589,0.6896629213483145,0.7344130779100349,5881.56,69.7,Medium,Watch For Demand Acceleration And Validate Replenishment Coverage.
health_beauty::MG,health_beauty,MG,MG,153.5,12430.08,1650.75,2.892857142857143,2.015201965322325,132.33002429543245,28040.97,MG,6.57,0.0561,0.8950617283950617,0.6966130250496926,3390.59,68.5,Medium,Watch For Demand Acceleration And Validate Replenishment Coverage.
baby::SP,baby,SP,SP,168.12,14104.93,2016.88,3.2142857142857144,2.033485907269813,116.70918760568068,17108.54,SP,5.38,0.0589,0.8680000000000001,0.6326400600394972,3678.99,66.7,Medium,Watch For Demand Acceleration And Validate Replenishment Coverage.
watches_gifts::SP,watches_gifts,SP,SP,232.08,41779.06,3134.56,6.035714285714286,3.2020691362378098,281.8621609430101,52038.759999999995,SP,5.38,0.0589,0.3732544378698226,0.5305203302642525,7524.31,65.6,Medium,Watch For Demand Acceleration And Validate Replenishment Coverage.
stationery::SP,stationery,SP,SP,156.28,12380.09,2368.19,3.125,2.3281869653132556,100.7674187533393,14543.02,SP,5.38,0.0589,0.7860571428571428,0.7450198289002418,3191.61,64.4,Medium,Watch For Demand Acceleration And Validate Replenishment Coverage.
housewares::MG,housewares,MG,MG,95.96000000000001,5601.29,1383.87,2.017857142857143,2.0314891217892486,82.78639035836613,13381.68,MG,6.57,0.0561,0.6984070796460178,1.0067556709752028,1505.3,61.8,Medium,Watch For Demand Acceleration And Validate Replenishment Coverage.
fashion_bags_accessories::SP,fashion_bags_accessories,SP,SP,81.71,4077.25,654.55,1.6607142857142858,1.5871848802694173,67.16889759632981,5640.29,SP,5.38,0.0589,0.7572043010752687,0.955724228979434,1102.6,61.3,Medium,Watch For Demand Acceleration And Validate Replenishment Coverage.
perfumery::RJ,perfumery,RJ,RJ,35.4,4170.99,532.37,0.8214285714285714,1.1771636613972951,153.3401864674441,4305.58,RJ,13.16,0.1347,0.5391304347826087,1.1771636613972951,1146.31,60.7,Medium,Watch For Demand Acceleration And Validate Replenishment Coverage.
sports_leisure::SP,sports_leisure,SP,SP,314.98,26702.57,3952.84,7.553571428571429,4.467741519572757,104.49308468536528,42146.979999999996,SP,5.38,0.0589,0.4892671394799055,0.5914740546006486,5393.63,59.7,Medium,Watch For Demand Acceleration And Validate Replenishment Coverage.
bed_bath_table::RJ,bed_bath_table,RJ,RJ,131.35999999999999,10027.49,3124.33,2.9642857142857144,2.5079095656762402,85.87867966626973,11824.880000000001,RJ,13.16,0.1347,0.5826506024096383,0.8460417811919846,2554.23,59.5,Medium,Watch For Demand Acceleration And Validate Replenishment Coverage.
construction_tools_construction::SP,construction_tools_construction,SP,SP,107.4,4177.6,402.73,2.392857142857143,2.7080927299053545,90.61594693183396,18690.66,SP,5.38,0.0589,0.6029850746268657,1.131740245333581,1094.07,59.0,Medium,Watch For Demand Acceleration And Validate Replenishment Coverage.
health_beauty::PR,health_beauty,PR,PR,46.0,3312.25,540.31,1.0,1.026910636104941,110.92029397473276,8171.25,PR,6.05,0.05,0.6428571428571428,1.026910636104941,864.36,57.8,Medium,Watch For Demand Acceleration And Validate Replenishment Coverage.
small_appliances::SP,small_appliances,SP,SP,24.01,2638.71,342.17,0.5178571428571429,1.0267525404014246,349.84896084964595,5079.79,SP,5.38,0.0589,0.6558620689655172,1.0267525404014246,689.35,57.5,Medium,Watch For Demand Acceleration And Validate Replenishment Coverage.
luggage_accessories::SP,luggage_accessories,SP,SP,38.22,3629.54,735.62,0.9285714285714286,1.2337252214646184,113.28771598639456,4896.3,SP,5.38,0.0589,0.47,1.2337252214646184,909.36,55.2,Medium,Watch For Demand Acceleration And Validate Replenishment Coverage.
housewares::SP,housewares,SP,SP,362.72,29013.09,5596.53,9.803571428571429,5.651772506703757,87.50224085544761,52024.869999999995,SP,5.38,0.0589,0.3213843351548271,0.5765013850189625,5111.19,53.9,Medium,Watch For Demand Acceleration And Validate Replenishment Coverage.
garden_tools::RJ,garden_tools,RJ,RJ,23.79,2307.99,558.07,0.5178571428571429,0.7625572152261799,195.97572663351056,5635.73,RJ,13.16,0.1347,0.6406896551724135,0.7625572152261799,592.13,53.7,Medium,Watch For Demand Acceleration And Validate Replenishment Coverage.
furniture_decor::MG,furniture_decor,MG,MG,60.39,3616.7,941.49,1.4642857142857142,1.5369898055412279,78.12180749340553,9180.8,MG,6.57,0.0561,0.47292682926829266,1.0496515745159605,864.76,51.4,Medium,Watch For Demand Acceleration And Validate Replenishment Coverage.
housewares::RS,housewares,RS,RS,46.7,4155.11,1100.4,1.2678571428571428,1.6010345681189049,105.72149033967328,6274.63,RS,8.04,0.0715,0.3154929577464789,1.2627878283754743,983.06,50.8,Medium,Watch For Demand Acceleration And Validate Replenishment Coverage.
computers_accessories::RJ,computers_accessories,RJ,RJ,66.48,5837.64,1318.27,1.6964285714285714,1.5945320528394742,114.7084265779572,8853.0,RJ,13.16,0.1347,0.39957894736842103,0.9399346837790585,1374.09,50.4,Medium,Watch For Demand Acceleration And Validate Replenishment Coverage.
garden_tools::MG,garden_tools,MG,MG,28.13,2780.26,556.53,0.6607142857142857,0.9395702250455832,149.69480778421448,3896.49,MG,6.57,0.0561,0.5205405405405406,0.9395702250455832,659.7,50.2,Medium,Watch For Demand Acceleration And Validate Replenishment Coverage.
sports_leisure::RS,sports_leisure,RS,RS,23.38,1635.19,385.64,0.5535714285714286,0.932633472916984,103.75473604748021,2627.62,RS,8.04,0.0715,0.5083870967741935,0.932633472916984,389.94,49.2,Medium,Watch For Demand Acceleration And Validate Replenishment Coverage.
bed_bath_table::SC,bed_bath_table,SC,SC,23.37,1590.5900000000001,347.55,0.5357142857142857,0.8082368175521042,90.93558454810496,3103.6400000000003,SC,9.93,0.0976,0.558,0.8082368175521042,382.27,49.2,Medium,Watch For Demand Acceleration And Validate Replenishment Coverage.
home_construction::SP,home_construction,SP,SP,26.19,3333.98,401.14,0.6607142857142857,1.083374957575307,157.83985537276135,4943.95,SP,5.38,0.0589,0.41567567567567565,1.083374957575307,768.64,49.0,Medium,Watch For Demand Acceleration And Validate Replenishment Coverage.
health_beauty::SP,health_beauty,SP,SP,377.87,38616.56,5215.17,12.785714285714286,6.563575205672552,112.71867726310722,81253.35,SP,5.38,0.0589,0.055502793296089425,0.5133522507229928,5102.04,48.8,Medium,Maintain Baseline Planning Rhythm.
furniture_decor::SC,furniture_decor,SC,SC,23.23,1826.16,592.84,0.5892857142857143,1.0405730189622484,188.32738362487854,3091.72,SC,9.93,0.0976,0.40787878787878795,1.0405730189622484,432.62,48.4,Medium,Watch For Demand Acceleration And Validate Replenishment Coverage.
perfumery::MG,perfumery,MG,MG,30.05,2700.47,387.51,0.6964285714285714,0.8072319224506528,124.7919023323615,4676.389999999999,MG,6.57,0.0561,0.5410256410256411,0.8072319224506528,620.29,47.8,Medium,Watch For Demand Acceleration And Validate Replenishment Coverage.
cool_stuff::RJ,cool_stuff,RJ,RJ,22.1,3026.11,500.49,0.5357142857142857,0.7376691969682916,151.02954373177843,4175.71,RJ,13.16,0.1347,0.4733333333333334,0.7376691969682916,696.07,46.4,Medium,Watch For Demand Acceleration And Validate Replenishment Coverage.
bed_bath_table::SP,bed_bath_table,SP,SP,367.32,29608.51,5556.5,11.553571428571429,6.358729555378304,82.15265208995768,60230.12,SP,5.38,0.0589,0.13545595054095827,0.5503691732630371,4346.78,45.8,Medium,Watch For Demand Acceleration And Validate Replenishment Coverage.
sports_leisure::SC,sports_leisure,SC,SC,26.6,2922.61,598.72,0.75,1.1321740951895083,137.19752006108567,4955.85,SC,9.93,0.0976,0.26666666666666683,1.1321740951895083,653.25,45.4,Medium,Watch For Demand Acceleration And Validate Replenishment Coverage.
health_beauty::SC,health_beauty,SC,SC,29.41,2202.81,410.21999999999997,0.7678571428571429,0.8736771075813354,118.30395894071916,7451.1900000000005,SC,9.93,0.0976,0.36790697674418604,0.8736771075813354,479.52,43.0,Medium,Watch For Demand Acceleration And Validate Replenishment Coverage.
computers_accessories::PR,computers_accessories,PR,PR,26.990000000000002,1940.98,469.58,0.75,1.0995866992151684,92.66541865079365,4177.6900000000005,PR,6.05,0.05,0.2852380952380953,1.0995866992151684,415.99,42.9,Medium,Watch For Demand Acceleration And Validate Replenishment Coverage.
watches_gifts::RJ,watches_gifts,RJ,RJ,55.45,9249.04,780.56,1.7857142857142858,1.6810633616773718,389.9095200995757,17095.690000000002,RJ,13.16,0.1347,0.10899999999999999,0.9413954825393281,1783.98,40.6,Medium,Maintain Baseline Planning Rhythm.
electronics::RJ,electronics,RJ,RJ,23.29,905.27,374.14,0.6071428571428571,0.7550694472231478,62.3567290018048,2903.08,RJ,13.16,0.1347,0.3699999999999999,0.7550694472231478,195.77,40.6,Medium,Watch For Demand Acceleration And Validate Replenishment Coverage.
sports_leisure::MG,sports_leisure,MG,MG,46.22,4372.54,796.0699999999999,1.3571428571428572,1.3938641048743392,128.84178538456197,14708.869999999999,MG,6.57,0.0561,0.21631578947368424,1.0270577614863552,873.02,40.4,Medium,Watch For Demand Acceleration And Validate Replenishment Coverage.
furniture_decor::PR,furniture_decor,PR,PR,39.45,3449.33,887.29,1.1785714285714286,1.2664501979533598,105.20142851884106,6244.76,PR,6.05,0.05,0.19545454545454555,1.0745638043240628,686.94,39.6,Low,Watch For Demand Acceleration And Validate Replenishment Coverage.
bed_bath_table::PR,bed_bath_table,PR,PR,27.59,2205.58,566.55,0.8392857142857143,1.156433163800512,89.71740949951409,3801.53,PR,6.05,0.05,0.1740425531914893,1.156433163800512,446.76,39.6,Low,Watch For Demand Acceleration And Validate Replenishment Coverage.
toys::MG,toys,MG,MG,22.77,2388.12,460.21999999999997,0.5892857142857143,0.757430722047435,135.84510158961544,3431.52,MG,6.57,0.0561,0.3799999999999999,0.757430722047435,482.63,39.4,Low,Watch For Demand Acceleration And Validate Replenishment Coverage.
telephony::RJ,telephony,RJ,RJ,25.21,780.04,127.22,0.75,1.0135446350668171,73.78294144800778,7687.950000000001,RJ,13.16,0.1347,0.20047619047619047,1.0135446350668171,165.42,39.3,Low,Watch For Demand Acceleration And Validate Replenishment Coverage.
telephony::MG,telephony,MG,MG,21.49,644.0,119.24,0.5892857142857143,0.949196515993409,66.97378620019437,5187.71,MG,6.57,0.0561,0.30242424242424226,0.949196515993409,132.7,39.2,Low,Watch For Demand Acceleration And Validate Replenishment Coverage.
musical_instruments::SP,musical_instruments,SP,SP,22.36,5596.16,493.94,0.625,0.8215838362577492,287.27504324586977,9753.82,SP,5.38,0.0589,0.2777142857142856,0.8215838362577492,1059.75,38.6,Low,Watch For Demand Acceleration And Validate Replenishment Coverage.
baby::MG,baby,MG,MG,25.37,2026.87,615.35,0.75,1.031327476428493,127.87125097181729,3092.8,MG,6.57,0.0561,0.2080952380952381,1.031327476428493,402.93,38.2,Low,Watch For Demand Acceleration And Validate Replenishment Coverage.
furniture_decor::RS,furniture_decor,RS,RS,28.04,1917.62,525.36,1.0357142857142858,1.3746310012546603,95.39727308066084,5623.34,RS,8.04,0.0715,-0.0331034482758622,1.3272299322458787,374.85,36.8,Low,Monitor Volatility Before Committing To A Fixed Reorder Plan.
health_beauty::BA,health_beauty,BA,BA,26.54,2851.84,526.71,0.9464285714285714,1.1348951550636794,177.66171720116617,7924.55,BA,15.92,0.1404,0.0015094339622641062,1.1348951550636794,568.15,36.5,Low,Monitor Volatility Before Committing To A Fixed Reorder Plan.
computers_accessories::RS,computers_accessories,RS,RS,22.8,1573.22,357.97,0.7142857142857143,1.0738932690201355,119.67686363320838,4172.28,RS,8.04,0.0715,0.14000000000000012,1.0738932690201355,307.94,36.5,Low,Watch For Demand Acceleration And Validate Replenishment Coverage.
office_furniture::SP,office_furniture,SP,SP,25.419999999999998,3481.6,596.36,0.8571428571428571,1.1821178441266325,159.79195691031515,8765.48,SP,5.38,0.0589,0.05916666666666659,1.1821178441266325,648.13,36.0,Low,Monitor Volatility Before Committing To A Fixed Reorder Plan.
unknown::SP,unknown,SP,SP,24.83,1240.64,262.5,0.7321428571428571,0.981484431008301,97.83130318964321,3462.4300000000003,SP,5.38,0.0589,0.21121951219512192,0.981484431008301,238.71,36.0,Low,Watch For Demand Acceleration And Validate Replenishment Coverage.
home_appliances::SP,home_appliances,SP,SP,36.27,2535.41,437.02,1.1964285714285714,1.3806407321127503,105.76287998056365,4314.67,SP,5.38,0.0589,0.08268656716417921,1.1539683731091646,475.03,35.6,Low,Monitor Volatility Before Committing To A Fixed Reorder Plan.
furniture_decor::RJ,furniture_decor,RJ,RJ,43.24,3021.35,708.76,1.7321428571428572,1.9678421169907403,88.42292317743559,11068.51,RJ,13.16,0.1347,-0.10845360824742267,1.1360737994998087,581.52,35.4,Low,Monitor Volatility Before Committing To A Fixed Reorder Plan.
housewares::PR,housewares,PR,PR,33.1,1521.91,364.97,1.1071428571428572,1.260282384353478,73.98787331667361,8614.53,PR,6.05,0.05,0.06774193548387109,1.1383195729644318,282.35,34.0,Low,Monitor Volatility Before Committing To A Fixed Reorder Plan.
computers_accessories::MG,computers_accessories,MG,MG,51.15,4929.35,1070.47,1.6785714285714286,1.585240364420176,108.5471394221263,8361.29,MG,6.57,0.0561,0.08829787234042552,0.9443985149737218,859.04,33.3,Low,Maintain Baseline Planning Rhythm.
sports_leisure::RJ,sports_leisure,RJ,RJ,48.66,3887.44,806.12,1.7678571428571428,1.7683178594212219,112.79094432875192,9779.77,RJ,13.16,0.1347,-0.01696969696969708,1.000260607349378,705.98,32.9,Low,Monitor Volatility Before Committing To A Fixed Reorder Plan.
baby::RJ,baby,RJ,RJ,25.72,2506.56,651.6800000000001,0.8392857142857143,0.8480305679371729,139.805306122449,5176.49,RJ,13.16,0.1347,0.09446808510638283,0.8480305679371729,459.41,32.2,Low,Maintain Baseline Planning Rhythm.
bed_bath_table::RS,bed_bath_table,RS,RS,25.54,2333.44,532.65,0.9107142857142857,1.1164356548536827,97.47116994655005,5076.1,RS,8.04,0.0715,0.0015686274509802978,1.1164356548536827,417.31,32.2,Low,Monitor Volatility Before Committing To A Fixed Reorder Plan.
watches_gifts::PR,watches_gifts,PR,PR,23.33,4552.13,447.05,1.0,1.0617310051386497,241.4457009232264,8207.439999999999,PR,6.05,0.05,-0.16678571428571431,1.0617310051386497,771.4,31.8,Low,Monitor Volatility Before Committing To A Fixed Reorder Plan.
health_beauty::RS,health_beauty,RS,RS,30.11,2992.64,672.43,1.0714285714285714,1.141882701461102,169.6461967930029,7107.72,RS,8.04,0.0715,0.003666666666666707,1.0657571880303618,523.99,31.6,Low,Monitor Volatility Before Committing To A Fixed Reorder Plan.
watches_gifts::MG,watches_gifts,MG,MG,32.63,4797.64,495.72,1.7142857142857142,1.713203121367964,201.43726221134713,16215.81,MG,6.57,0.0561,-0.3202083333333333,0.9993684874646457,795.05,30.7,Low,Maintain Baseline Planning Rhythm.
sports_leisure::PR,sports_leisure,PR,PR,24.8,1841.15,314.66,0.9107142857142857,1.0833749575753073,111.35543828960155,6084.0,PR,6.05,0.05,-0.027450980392156876,1.0833749575753073,315.19,30.1,Low,Monitor Volatility Before Committing To A Fixed Reorder Plan.
garden_tools::SP,garden_tools,SP,SP,62.23,4355.27,846.12,2.375,2.308580831278267,112.75297266076974,14047.5,SP,5.38,0.0589,-0.0642105263157895,0.9720340342224283,699.78,29.2,Low,Maintain Baseline Planning Rhythm.
telephony::SP,telephony,SP,SP,104.69,3130.16,455.99,3.3392857142857144,2.574538163097753,54.66969674299219,20400.77,SP,5.38,0.0589,0.11967914438502669,0.7709846905533377,507.54,28.5,Low,Maintain Baseline Planning Rhythm.
electronics::SP,electronics,SP,SP,41.3,1661.94,338.66,1.7142857142857142,1.5221311102802928,66.66050316552575,6105.6,SP,5.38,0.0589,-0.1395833333333334,0.8879098143301708,255.85,24.9,Low,Maintain Baseline Planning Rhythm.
